"Employee name",1
"Check out","Check in","Verified By"
"2019-09-25 15:24:59","2019-09-25 08:09:30",Sec1
"2019-09-25 21:58:12","2019-09-26 12:07:30",Sec1
"2019-09-26 00:29:28","2019-09-26 09:44:33",Sec1
"2019-09-26 21:40:01","2019-09-26 09:40:12",sec3
"2019-09-26 21:41:47","2019-09-26 09:42:04",sec3
"2019-09-26 23:47:02","2019-09-26 11:50:25",sec3
"2019-09-26 23:50:57","2019-09-26 11:50:59",sec3
"2019-10-22 21:08:12","2019-10-22 09:08:48",Sec1
"2019-10-22 21:11:52","2019-10-22 09:11:58",Sec1
"2019-10-23 23:55:03","2019-10-23 11:55:16",admin
